SKU code,Products,Weight,Pack / UOS,RSP,Outer Barcode,Unit Barcode,VAT,Normal Cost Price,Cases per layer,Layers per pallet,Cases per pallet,Commodity Code,Country of Origin,Halal,Vegetarian,Gluten Free
SBDSSL,Starbucks Chilled Cup Skinny Latte,220ml,10,2,05760466995849,5760466995870,0,12.899920000000002,15,8,120,22029995,Denmark,Y,Y,Y
SBDSCOCAP,Starbucks Chilled Cup Oat,220ml,10,2,15711953118316,5711953118463,0,12.899920000000002,15,8,120,22029915,Denmark,Y,Y,Y
SBDSSE,Starbucks Chilled Cup Summer Escape,220ml,10,2,15711953205870,5711953205880,0,12.899920000000002,15,8,120,22029915,Denmark,Y,Y,Y
SBCCMATORIG,STARBUCKS CHILLED CUP MATCHA,220ml,10,2,15711953221030,5711953221040,0,12.899920000000002,15,8,120,22029915,Denmark,Y,Y,Y
SBCCMATSTRAW,STARBUCKS CHILLED CUP MATCHA STRAWBERRY,220ml,10,2,15711953221115,5711953221132,0,12.899920000000002,15,8,120,22029915,Denmark,Y,Y,Y
SBFRPCARGNAS,Starbucks Frappuccino Caramel No Added Sugar Glass,250ml,8,2.1,15711953172295,5711953172304,0,9.49,36,7,252,22029995,Denmark,Y,Y,Y
SBFRPSOJ,Starbucks Frappuccino Sip of Joy,250ml,8,2.1,15711953209472,5711953209482,0,9.49,36,7,252,22029995,Denmark,Y,Y,Y
SBFRPPUMP,Starbucks Frappuccino Pumpkin Spice,250ml,8,2.1,15711953214391,5711953214400,0,9.49,36,7,252,22029995,Denmark,Y,Y,Y
SBPROLAT,Starbucks Protein Caffe Latte PET,330ml,8,2.75,15711953154147,5711953154133,0,12.69,27,7,189,22029995,Denmark,Y,Y,Y
SBPROCHOC,Starbucks Protein Chocolate Mocha PET,330ml,8,2.75,15711953154161,5711953154171,0,12.69,27,7,189,22029995,Denmark,Y,Y,Y
SBPROCARA,Starbucks Protein Caramel Hazelnut PET,330ml,8,2.75,15711953154185,5711953154157,0,12.69,27,7,189,22029995,Denmark,Y,Y,Y
SBTRPSHTH,Starbucks Tripleshot,300ml,12,2.4,15711953145404,5711953145421,0,15.74676,21,7,147,22029999,Denmark,Y,Y,Y
ARPROBAN,Arla Protein Banana,482ml,8,2,15711953212953,5711953212963,0,8.99,27,5,135,22029995,Denmark,Y,Y,Y
